{"cameraMode":{"drawMode":0,"name":"Shaded","section":"Shading Mode"},"sceneLighting":true,"audioPlay":false,"sceneViewState":{"m_AlwaysRefresh":false,"showFog":true,"showSkybox":true,"showFlares":true,"showImageEffects":true,"showParticleSystems":true,"showVisualEffectGraphs":true,"m_FxEnabled":true},"in2DMode":false,"pivot":{"x":-0.05013465881347656,"y":4.400994300842285,"z":-0.3537881374359131},"rotation":{"x":0.2511591911315918,"y":-0.5566944479942322,"z":0.1813986897468567,"w":0.7707833647727966},"size":12.927482604980469,"orthographic":true}